Tipo de Relatório: Medidas Consolidadas; ; ; ; ; ; ; ; ; ;
Tipo de Agente: Conectante | Nome: MAGAZINE LUIZA S/A; ; ; ; ; ; ; ; ; ;
Periodo Solicitado de 01/08/2024 00:00 até 31/08/2024 00:00; ; ; ; ; ; ; ; ; ;
Ponto de Medição; Data de Consolidação; Hora de Consolidação; Tipo de Energia; Ativa Geração; Ativa Consumo; Reativa Geração; Reativa Consumo; Qt Intervalos Faltantes; Situação da Medida; Motivo da Situação
General Sul;01/08/2024;1;Liquida;0;3123;0;0;0;Hora Completa Consistente;Consistido
General Sul;01/08/2024;2;Liquida;0;3123;0;0;0;Hora Completa Consistente;Consistido
General Sul;01/08/2024;3;Liquida;0;3123;0;0;0;Hora Completa Consistente;Consistido
General Sul;01/08/2024;4;Liquida;0;3123;0;0;0;Hora Completa Consistente;Consistido
General Sul;01/08/2024;5;Liquida;0;3123;0;0;0;Hora Completa Consistente;Consistido
General Sul;01/08/2024;6;Liquida;0;3123;0;0;0;Hora Completa Consistente;Consistido
General Sul;01/08/2024;7;Liquida;0;3123;0;0;0;Hora Completa Consistente;Consistido
General Sul;01/08/2024;8;Liquida;0;3123;0;0;0;Hora Completa Consistente;Consistido
General Sul;01/08/2024;9;Liquida;0;3123;0;0;0;Hora Completa Consistente;Consistido
General Sul;01/08/2024;10;Liquida;0;3123;0;0;0;Hora Completa Consistente;Consistido
General Sul;01/08/2024;11;Liquida;0;3123;0;0;0;Hora Completa Consistente;Consistido
General Sul;01/08/2024;12;Liquida;0;3123;0;0;0;Hora Completa Consistente;Consistido
General Sul;01/08/2024;13;Liquida;0;3123;0;0;0;Hora Completa Consistente;Consistido
General Sul;01/08/2024;14;Liquida;0;3123;0;0;0;Hora Completa Consistente;Consistido
General Sul;01/08/2024;15;Liquida;0;3123;0;0;0;Hora Completa Consistente;Consistido
General Sul;01/08/2024;16;Liquida;0;3123;0;0;0;Hora Completa Consistente;Consistido
General Sul;01/08/2024;17;Liquida;0;3123;0;0;0;Hora Completa Consistente;Consistido
General Sul;01/08/2024;18;Liquida;0;3123;0;0;0;Hora Completa Consistente;Consistido
General Sul;01/08/2024;19;Liquida;0;3123;0;0;0;Hora Completa Consistente;Consistido
General Sul;01/08/2024;20;Liquida;0;3123;0;0;0;Hora Completa Consistente;Consistido
General Sul;01/08/2024;21;Liquida;0;3123;0;0;0;Hora Completa Consistente;Consistido
General Sul;01/08/2024;22;Liquida;0;3123;0;0;0;Hora Completa Consistente;Consistido
General Sul;01/08/2024;23;Liquida;0;3123;0;0;0;Hora Completa Consistente;Consistido
General Sul;01/08/2024;24;Liquida;0;3123;0;0;0;Hora Completa Consistente;Consistido
General Sul;02/08/2024;1;Liquida;0;3123;0;0;0;Hora Completa Consistente;Consistido
General Sul;02/08/2024;2;Liquida;0;3123;0;0;0;Hora Completa Consistente;Consistido
General Sul;02/08/2024;3;Liquida;0;3123;0;0;0;Hora Completa Consistente;Consistido
General Sul;02/08/2024;4;Liquida;0;3123;0;0;0;Hora Completa Consistente;Consistido
General Sul;02/08/2024;5;Liquida;0;3123;0;0;0;Hora Completa Consistente;Consistido
General Sul;02/08/2024;6;Liquida;0;3123;0;0;0;Hora Completa Consistente;Consistido
General Sul;02/08/2024;7;Liquida;0;3123;0;0;0;Hora Completa Consistente;Consistido
General Sul;02/08/2024;8;Liquida;0;3123;0;0;0;Hora Completa Consistente;Consistido
General Sul;02/08/2024;9;Liquida;0;3123;0;0;0;Hora Completa Consistente;Consistido
General Sul;02/08/2024;10;Liquida;0;3123;0;0;0;Hora Completa Consistente;Consistido
General Sul;02/08/2024;11;Liquida;0;3123;0;0;0;Hora Completa Consistente;Consistido
General Sul;02/08/2024;12;Liquida;0;3123;0;0;0;Hora Completa Consistente;Consistido
General Sul;02/08/2024;13;Liquida;0;3123;0;0;0;Hora Completa Consistente;Consistido
General Sul;02/08/2024;14;Liquida;0;3123;0;0;0;Hora Completa Consistente;Consistido
General Sul;02/08/2024;15;Liquida;0;3123;0;0;0;Hora Completa Consistente;Consistido
General Sul;02/08/2024;16;Liquida;0;3123;0;0;0;Hora Completa Consistente;Consistido
General Sul;02/08/2024;17;Liquida;0;3123;0;0;0;Hora Completa Consistente;Consistido
General Sul;02/08/2024;18;Liquida;0;3123;0;0;0;Hora Completa Consistente;Consistido
General Sul;02/08/2024;19;Liquida;0;3123;0;0;0;Hora Completa Consistente;Consistido
General Sul;02/08/2024;20;Liquida;0;3123;0;0;0;Hora Completa Consistente;Consistido
General Sul;02/08/2024;21;Liquida;0;3123;0;0;0;Hora Completa Consistente;Consistido
General Sul;02/08/2024;22;Liquida;0;3123;0;0;0;Hora Completa Consistente;Consistido
General Sul;02/08/2024;23;Liquida;0;3123;0;0;0;Hora Completa Consistente;Consistido
General Sul;02/08/2024;24;Liquida;0;3123;0;0;0;Hora Completa Consistente;Consistido
General Sul;03/08/2024;1;Liquida;0;3123;0;0;0;Hora Completa Consistente;Consistido
General Sul;03/08/2024;2;Liquida;0;3123;0;0;0;Hora Completa Consistente;Consistido
General Sul;03/08/2024;3;Liquida;0;3123;0;0;0;Hora Completa Consistente;Consistido
General Sul;03/08/2024;4;Liquida;0;3123;0;0;0;Hora Completa Consistente;Consistido
General Sul;03/08/2024;5;Liquida;0;3123;0;0;0;Hora Completa Consistente;Consistido
General Sul;03/08/2024;6;Liquida;0;3123;0;0;0;Hora Completa Consistente;Consistido
General Sul;03/08/2024;7;Liquida;0;3123;0;0;0;Hora Completa Consistente;Consistido
General Sul;03/08/2024;8;Liquida;0;3123;0;0;0;Hora Completa Consistente;Consistido
General Sul;03/08/2024;9;Liquida;0;3123;0;0;0;Hora Completa Consistente;Consistido
General Sul;03/08/2024;10;Liquida;0;3123;0;0;0;Hora Completa Consistente;Consistido
General Sul;03/08/2024;11;Liquida;0;3123;0;0;0;Hora Completa Consistente;Consistido
General Sul;03/08/2024;12;Liquida;0;3123;0;0;0;Hora Completa Consistente;Consistido
General Sul;03/08/2024;13;Liquida;0;3123;0;0;0;Hora Completa Consistente;Consistido
General Sul;03/08/2024;14;Liquida;0;3123;0;0;0;Hora Completa Consistente;Consistido
General Sul;03/08/2024;15;Liquida;0;3123;0;0;0;Hora Completa Consistente;Consistido
General Sul;03/08/2024;16;Liquida;0;3123;0;0;0;Hora Completa Consistente;Consistido
General Sul;03/08/2024;17;Liquida;0;3123;0;0;0;Hora Completa Consistente;Consistido
General Sul;03/08/2024;18;Liquida;0;3123;0;0;0;Hora Completa Consistente;Consistido
General Sul;03/08/2024;19;Liquida;0;3123;0;0;0;Hora Completa Consistente;Consistido
General Sul;03/08/2024;20;Liquida;0;3123;0;0;0;Hora Completa Consistente;Consistido
General Sul;03/08/2024;21;Liquida;0;3123;0;0;0;Hora Completa Consistente;Consistido
General Sul;03/08/2024;22;Liquida;0;3123;0;0;0;Hora Completa Consistente;Consistido
General Sul;03/08/2024;23;Liquida;0;3123;0;0;0;Hora Completa Consistente;Consistido
General Sul;03/08/2024;24;Liquida;0;3123;0;0;0;Hora Completa Consistente;Consistido
General Sul;04/08/2024;1;Liquida;0;3123;0;0;0;Hora Completa Consistente;Consistido
General Sul;04/08/2024;2;Liquida;0;3123;0;0;0;Hora Completa Consistente;Consistido
General Sul;04/08/2024;3;Liquida;0;3123;0;0;0;Hora Completa Consistente;Consistido
General Sul;04/08/2024;4;Liquida;0;3123;0;0;0;Hora Completa Consistente;Consistido
General Sul;04/08/2024;5;Liquida;0;3123;0;0;0;Hora Completa Consistente;Consistido
General Sul;04/08/2024;6;Liquida;0;3123;0;0;0;Hora Completa Consistente;Consistido
General Sul;04/08/2024;7;Liquida;0;3123;0;0;0;Hora Completa Consistente;Consistido
General Sul;04/08/2024;8;Liquida;0;3123;0;0;0;Hora Completa Consistente;Consistido
General Sul;04/08/2024;9;Liquida;0;3123;0;0;0;Hora Completa Consistente;Consistido
General Sul;04/08/2024;10;Liquida;0;3123;0;0;0;Hora Completa Consistente;Consistido
General Sul;04/08/2024;11;Liquida;0;3123;0;0;0;Hora Completa Consistente;Consistido
General Sul;04/08/2024;12;Liquida;0;3123;0;0;0;Hora Completa Consistente;Consistido
General Sul;04/08/2024;13;Liquida;0;3123;0;0;0;Hora Completa Consistente;Consistido
General Sul;04/08/2024;14;Liquida;0;3123;0;0;0;Hora Completa Consistente;Consistido
General Sul;04/08/2024;15;Liquida;0;3123;0;0;0;Hora Completa Consistente;Consistido
General Sul;04/08/2024;16;Liquida;0;3123;0;0;0;Hora Completa Consistente;Consistido
General Sul;04/08/2024;17;Liquida;0;3123;0;0;0;Hora Completa Consistente;Consistido
General Sul;04/08/2024;18;Liquida;0;3123;0;0;0;Hora Completa Consistente;Consistido
General Sul;04/08/2024;19;Liquida;0;3123;0;0;0;Hora Completa Consistente;Consistido
General Sul;04/08/2024;20;Liquida;0;3123;0;0;0;Hora Completa Consistente;Consistido
General Sul;04/08/2024;21;Liquida;0;3123;0;0;0;Hora Completa Consistente;Consistido
General Sul;04/08/2024;22;Liquida;0;3123;0;0;0;Hora Completa Consistente;Consistido
General Sul;04/08/2024;23;Liquida;0;3123;0;0;0;Hora Completa Consistente;Consistido
General Sul;04/08/2024;24;Liquida;0;3123;0;0;0;Hora Completa Consistente;Consistido
General Sul;05/08/2024;1;Liquida;0;3123;0;0;0;Hora Completa Consistente;Consistido
General Sul;05/08/2024;2;Liquida;0;3123;0;0;0;Hora Completa Consistente;Consistido
General Sul;05/08/2024;3;Liquida;0;3123;0;0;0;Hora Completa Consistente;Consistido
General Sul;05/08/2024;4;Liquida;0;3123;0;0;0;Hora Completa Consistente;Consistido
General Sul;05/08/2024;5;Liquida;0;3123;0;0;0;Hora Completa Consistente;Consistido
General Sul;05/08/2024;6;Liquida;0;3123;0;0;0;Hora Completa Consistente;Consistido
General Sul;05/08/2024;7;Liquida;0;3123;0;0;0;Hora Completa Consistente;Consistido
General Sul;05/08/2024;8;Liquida;0;3123;0;0;0;Hora Completa Consistente;Consistido
General Sul;05/08/2024;9;Liquida;0;3123;0;0;0;Hora Completa Consistente;Consistido
General Sul;05/08/2024;10;Liquida;0;3123;0;0;0;Hora Completa Consistente;Consistido
General Sul;05/08/2024;11;Liquida;0;3123;0;0;0;Hora Completa Consistente;Consistido
General Sul;05/08/2024;12;Liquida;0;3123;0;0;0;Hora Completa Consistente;Consistido
General Sul;05/08/2024;13;Liquida;0;3123;0;0;0;Hora Completa Consistente;Consistido
General Sul;05/08/2024;14;Liquida;0;3123;0;0;0;Hora Completa Consistente;Consistido
General Sul;05/08/2024;15;Liquida;0;3123;0;0;0;Hora Completa Consistente;Consistido
General Sul;05/08/2024;16;Liquida;0;3123;0;0;0;Hora Completa Consistente;Consistido
General Sul;05/08/2024;17;Liquida;0;3123;0;0;0;Hora Completa Consistente;Consistido
General Sul;05/08/2024;18;Liquida;0;3123;0;0;0;Hora Completa Consistente;Consistido
General Sul;05/08/2024;19;Liquida;0;3123;0;0;0;Hora Completa Consistente;Consistido
General Sul;05/08/2024;20;Liquida;0;3123;0;0;0;Hora Completa Consistente;Consistido
General Sul;05/08/2024;21;Liquida;0;3123;0;0;0;Hora Completa Consistente;Consistido
General Sul;05/08/2024;22;Liquida;0;3123;0;0;0;Hora Completa Consistente;Consistido
General Sul;05/08/2024;23;Liquida;0;3123;0;0;0;Hora Completa Consistente;Consistido
General Sul;05/08/2024;24;Liquida;0;3123;0;0;0;Hora Completa Consistente;Consistido
General Sul;06/08/2024;1;Liquida;0;3123;0;0;0;Hora Completa Consistente;Consistido
General Sul;06/08/2024;2;Liquida;0;3123;0;0;0;Hora Completa Consistente;Consistido
General Sul;06/08/2024;3;Liquida;0;3123;0;0;0;Hora Completa Consistente;Consistido
General Sul;06/08/2024;4;Liquida;0;3123;0;0;0;Hora Completa Consistente;Consistido
General Sul;06/08/2024;5;Liquida;0;3123;0;0;0;Hora Completa Consistente;Consistido
General Sul;06/08/2024;6;Liquida;0;3123;0;0;0;Hora Completa Consistente;Consistido
General Sul;06/08/2024;7;Liquida;0;3123;0;0;0;Hora Completa Consistente;Consistido
General Sul;06/08/2024;8;Liquida;0;3123;0;0;0;Hora Completa Consistente;Consistido
General Sul;06/08/2024;9;Liquida;0;3123;0;0;0;Hora Completa Consistente;Consistido
General Sul;06/08/2024;10;Liquida;0;3123;0;0;0;Hora Completa Consistente;Consistido
General Sul;06/08/2024;11;Liquida;0;3123;0;0;0;Hora Completa Consistente;Consistido
General Sul;06/08/2024;12;Liquida;0;3123;0;0;0;Hora Completa Consistente;Consistido
General Sul;06/08/2024;13;Liquida;0;3123;0;0;0;Hora Completa Consistente;Consistido
General Sul;06/08/2024;14;Liquida;0;3123;0;0;0;Hora Completa Consistente;Consistido
General Sul;06/08/2024;15;Liquida;0;3123;0;0;0;Hora Completa Consistente;Consistido
General Sul;06/08/2024;16;Liquida;0;3123;0;0;0;Hora Completa Consistente;Consistido
General Sul;06/08/2024;17;Liquida;0;3123;0;0;0;Hora Completa Consistente;Consistido
General Sul;06/08/2024;18;Liquida;0;3123;0;0;0;Hora Completa Consistente;Consistido
General Sul;06/08/2024;19;Liquida;0;3123;0;0;0;Hora Completa Consistente;Consistido
General Sul;06/08/2024;20;Liquida;0;3123;0;0;0;Hora Completa Consistente;Consistido
General Sul;06/08/2024;21;Liquida;0;3123;0;0;0;Hora Completa Consistente;Consistido
General Sul;06/08/2024;22;Liquida;0;3123;0;0;0;Hora Completa Consistente;Consistido
General Sul;06/08/2024;23;Liquida;0;3123;0;0;0;Hora Completa Consistente;Consistido
General Sul;06/08/2024;24;Liquida;0;3123;0;0;0;Hora Completa Consistente;Consistido
General Sul;07/08/2024;1;Liquida;0;3123;0;0;0;Hora Completa Consistente;Consistido
General Sul;07/08/2024;2;Liquida;0;3123;0;0;0;Hora Completa Consistente;Consistido
General Sul;07/08/2024;3;Liquida;0;3123;0;0;0;Hora Completa Consistente;Consistido
General Sul;07/08/2024;4;Liquida;0;3123;0;0;0;Hora Completa Consistente;Consistido
General Sul;07/08/2024;5;Liquida;0;3123;0;0;0;Hora Completa Consistente;Consistido
General Sul;07/08/2024;6;Liquida;0;3123;0;0;0;Hora Completa Consistente;Consistido
General Sul;07/08/2024;7;Liquida;0;3123;0;0;0;Hora Completa Consistente;Consistido
General Sul;07/08/2024;8;Liquida;0;3123;0;0;0;Hora Completa Consistente;Consistido
General Sul;07/08/2024;9;Liquida;0;3123;0;0;0;Hora Completa Consistente;Consistido
General Sul;07/08/2024;10;Liquida;0;3123;0;0;0;Hora Completa Consistente;Consistido
General Sul;07/08/2024;11;Liquida;0;3123;0;0;0;Hora Completa Consistente;Consistido
General Sul;07/08/2024;12;Liquida;0;3123;0;0;0;Hora Completa Consistente;Consistido
General Sul;07/08/2024;13;Liquida;0;3123;0;0;0;Hora Completa Consistente;Consistido
General Sul;07/08/2024;14;Liquida;0;3123;0;0;0;Hora Completa Consistente;Consistido
General Sul;07/08/2024;15;Liquida;0;3123;0;0;0;Hora Completa Consistente;Consistido
General Sul;07/08/2024;16;Liquida;0;3123;0;0;0;Hora Completa Consistente;Consistido
General Sul;07/08/2024;17;Liquida;0;3123;0;0;0;Hora Completa Consistente;Consistido
General Sul;07/08/2024;18;Liquida;0;3123;0;0;0;Hora Completa Consistente;Consistido
General Sul;07/08/2024;19;Liquida;0;3123;0;0;0;Hora Completa Consistente;Consistido
General Sul;07/08/2024;20;Liquida;0;3123;0;0;0;Hora Completa Consistente;Consistido
General Sul;07/08/2024;21;Liquida;0;3123;0;0;0;Hora Completa Consistente;Consistido
General Sul;07/08/2024;22;Liquida;0;3123;0;0;0;Hora Completa Consistente;Consistido
General Sul;07/08/2024;23;Liquida;0;3123;0;0;0;Hora Completa Consistente;Consistido
General Sul;07/08/2024;24;Liquida;0;3123;0;0;0;Hora Completa Consistente;Consistido
General Sul;08/08/2024;1;Liquida;0;3123;0;0;0;Hora Completa Consistente;Consistido
General Sul;08/08/2024;2;Liquida;0;3123;0;0;0;Hora Completa Consistente;Consistido
General Sul;08/08/2024;3;Liquida;0;3123;0;0;0;Hora Completa Consistente;Consistido
General Sul;08/08/2024;4;Liquida;0;3123;0;0;0;Hora Completa Consistente;Consistido
General Sul;08/08/2024;5;Liquida;0;3123;0;0;0;Hora Completa Consistente;Consistido
General Sul;08/08/2024;6;Liquida;0;3123;0;0;0;Hora Completa Consistente;Consistido
General Sul;08/08/2024;7;Liquida;0;3123;0;0;0;Hora Completa Consistente;Consistido
General Sul;08/08/2024;8;Liquida;0;3123;0;0;0;Hora Completa Consistente;Consistido
General Sul;08/08/2024;9;Liquida;0;3123;0;0;0;Hora Completa Consistente;Consistido
General Sul;08/08/2024;10;Liquida;0;3123;0;0;0;Hora Completa Consistente;Consistido
General Sul;08/08/2024;11;Liquida;0;3123;0;0;0;Hora Completa Consistente;Consistido
General Sul;08/08/2024;12;Liquida;0;3123;0;0;0;Hora Completa Consistente;Consistido
General Sul;08/08/2024;13;Liquida;0;3123;0;0;0;Hora Completa Consistente;Consistido
General Sul;08/08/2024;14;Liquida;0;3123;0;0;0;Hora Completa Consistente;Consistido
General Sul;08/08/2024;15;Liquida;0;3123;0;0;0;Hora Completa Consistente;Consistido
General Sul;08/08/2024;16;Liquida;0;3123;0;0;0;Hora Completa Consistente;Consistido
General Sul;08/08/2024;17;Liquida;0;3123;0;0;0;Hora Completa Consistente;Consistido
General Sul;08/08/2024;18;Liquida;0;3123;0;0;0;Hora Completa Consistente;Consistido
General Sul;08/08/2024;19;Liquida;0;3123;0;0;0;Hora Completa Consistente;Consistido
General Sul;08/08/2024;20;Liquida;0;3123;0;0;0;Hora Completa Consistente;Consistido
General Sul;08/08/2024;21;Liquida;0;3123;0;0;0;Hora Completa Consistente;Consistido
General Sul;08/08/2024;22;Liquida;0;3123;0;0;0;Hora Completa Consistente;Consistido
General Sul;08/08/2024;23;Liquida;0;3123;0;0;0;Hora Completa Consistente;Consistido
General Sul;08/08/2024;24;Liquida;0;3123;0;0;0;Hora Completa Consistente;Consistido
General Sul;09/08/2024;1;Liquida;0;3123;0;0;0;Hora Completa Consistente;Consistido
General Sul;09/08/2024;2;Liquida;0;3123;0;0;0;Hora Completa Consistente;Consistido
General Sul;09/08/2024;3;Liquida;0;3123;0;0;0;Hora Completa Consistente;Consistido
General Sul;09/08/2024;4;Liquida;0;3123;0;0;0;Hora Completa Consistente;Consistido
General Sul;09/08/2024;5;Liquida;0;3123;0;0;0;Hora Completa Consistente;Consistido
General Sul;09/08/2024;6;Liquida;0;3123;0;0;0;Hora Completa Consistente;Consistido
General Sul;09/08/2024;7;Liquida;0;3123;0;0;0;Hora Completa Consistente;Consistido
General Sul;09/08/2024;8;Liquida;0;3123;0;0;0;Hora Completa Consistente;Consistido
General Sul;09/08/2024;9;Liquida;0;3123;0;0;0;Hora Completa Consistente;Consistido
General Sul;09/08/2024;10;Liquida;0;3123;0;0;0;Hora Completa Consistente;Consistido
General Sul;09/08/2024;11;Liquida;0;3123;0;0;0;Hora Completa Consistente;Consistido
General Sul;09/08/2024;12;Liquida;0;3123;0;0;0;Hora Completa Consistente;Consistido
General Sul;09/08/2024;13;Liquida;0;3123;0;0;0;Hora Completa Consistente;Consistido
General Sul;09/08/2024;14;Liquida;0;3123;0;0;0;Hora Completa Consistente;Consistido
General Sul;09/08/2024;15;Liquida;0;3123;0;0;0;Hora Completa Consistente;Consistido
General Sul;09/08/2024;16;Liquida;0;3123;0;0;0;Hora Completa Consistente;Consistido
General Sul;09/08/2024;17;Liquida;0;3123;0;0;0;Hora Completa Consistente;Consistido
General Sul;09/08/2024;18;Liquida;0;3123;0;0;0;Hora Completa Consistente;Consistido
General Sul;09/08/2024;19;Liquida;0;3123;0;0;0;Hora Completa Consistente;Consistido
General Sul;09/08/2024;20;Liquida;0;3123;0;0;0;Hora Completa Consistente;Consistido
General Sul;09/08/2024;21;Liquida;0;3123;0;0;0;Hora Completa Consistente;Consistido
General Sul;09/08/2024;22;Liquida;0;3123;0;0;0;Hora Completa Consistente;Consistido
General Sul;09/08/2024;23;Liquida;0;3123;0;0;0;Hora Completa Consistente;Consistido
General Sul;09/08/2024;24;Liquida;0;3123;0;0;0;Hora Completa Consistente;Consistido
General Sul;10/08/2024;1;Liquida;0;3123;0;0;0;Hora Completa Consistente;Consistido
General Sul;10/08/2024;2;Liquida;0;3123;0;0;0;Hora Completa Consistente;Consistido
General Sul;10/08/2024;3;Liquida;0;3123;0;0;0;Hora Completa Consistente;Consistido
General Sul;10/08/2024;4;Liquida;0;3123;0;0;0;Hora Completa Consistente;Consistido
General Sul;10/08/2024;5;Liquida;0;3123;0;0;0;Hora Completa Consistente;Consistido
General Sul;10/08/2024;6;Liquida;0;3123;0;0;0;Hora Completa Consistente;Consistido
General Sul;10/08/2024;7;Liquida;0;3123;0;0;0;Hora Completa Consistente;Consistido
General Sul;10/08/2024;8;Liquida;0;3123;0;0;0;Hora Completa Consistente;Consistido
General Sul;10/08/2024;9;Liquida;0;3123;0;0;0;Hora Completa Consistente;Consistido
General Sul;10/08/2024;10;Liquida;0;3123;0;0;0;Hora Completa Consistente;Consistido
General Sul;10/08/2024;11;Liquida;0;3123;0;0;0;Hora Completa Consistente;Consistido
General Sul;10/08/2024;12;Liquida;0;3123;0;0;0;Hora Completa Consistente;Consistido
General Sul;10/08/2024;13;Liquida;0;3123;0;0;0;Hora Completa Consistente;Consistido
General Sul;10/08/2024;14;Liquida;0;3123;0;0;0;Hora Completa Consistente;Consistido
General Sul;10/08/2024;15;Liquida;0;3123;0;0;0;Hora Completa Consistente;Consistido
General Sul;10/08/2024;16;Liquida;0;3123;0;0;0;Hora Completa Consistente;Consistido
General Sul;10/08/2024;17;Liquida;0;3123;0;0;0;Hora Completa Consistente;Consistido
General Sul;10/08/2024;18;Liquida;0;3123;0;0;0;Hora Completa Consistente;Consistido
General Sul;10/08/2024;19;Liquida;0;3123;0;0;0;Hora Completa Consistente;Consistido
General Sul;10/08/2024;20;Liquida;0;3123;0;0;0;Hora Completa Consistente;Consistido
General Sul;10/08/2024;21;Liquida;0;3123;0;0;0;Hora Completa Consistente;Consistido
General Sul;10/08/2024;22;Liquida;0;3123;0;0;0;Hora Completa Consistente;Consistido
General Sul;10/08/2024;23;Liquida;0;3123;0;0;0;Hora Completa Consistente;Consistido
General Sul;10/08/2024;24;Liquida;0;3123;0;0;0;Hora Completa Consistente;Consistido
General Sul;11/08/2024;1;Liquida;0;3123;0;0;0;Hora Completa Consistente;Consistido
General Sul;11/08/2024;2;Liquida;0;3123;0;0;0;Hora Completa Consistente;Consistido
General Sul;11/08/2024;3;Liquida;0;3123;0;0;0;Hora Completa Consistente;Consistido
General Sul;11/08/2024;4;Liquida;0;3123;0;0;0;Hora Completa Consistente;Consistido
General Sul;11/08/2024;5;Liquida;0;3123;0;0;0;Hora Completa Consistente;Consistido
General Sul;11/08/2024;6;Liquida;0;3123;0;0;0;Hora Completa Consistente;Consistido
General Sul;11/08/2024;7;Liquida;0;3123;0;0;0;Hora Completa Consistente;Consistido
General Sul;11/08/2024;8;Liquida;0;3123;0;0;0;Hora Completa Consistente;Consistido
General Sul;11/08/2024;9;Liquida;0;3123;0;0;0;Hora Completa Consistente;Consistido
General Sul;11/08/2024;10;Liquida;0;3123;0;0;0;Hora Completa Consistente;Consistido
General Sul;11/08/2024;11;Liquida;0;3123;0;0;0;Hora Completa Consistente;Consistido
General Sul;11/08/2024;12;Liquida;0;3123;0;0;0;Hora Completa Consistente;Consistido
General Sul;11/08/2024;13;Liquida;0;3123;0;0;0;Hora Completa Consistente;Consistido
General Sul;11/08/2024;14;Liquida;0;3123;0;0;0;Hora Completa Consistente;Consistido
General Sul;11/08/2024;15;Liquida;0;3123;0;0;0;Hora Completa Consistente;Consistido
General Sul;11/08/2024;16;Liquida;0;3123;0;0;0;Hora Completa Consistente;Consistido
General Sul;11/08/2024;17;Liquida;0;3123;0;0;0;Hora Completa Consistente;Consistido
General Sul;11/08/2024;18;Liquida;0;3123;0;0;0;Hora Completa Consistente;Consistido
General Sul;11/08/2024;19;Liquida;0;3123;0;0;0;Hora Completa Consistente;Consistido
General Sul;11/08/2024;20;Liquida;0;3123;0;0;0;Hora Completa Consistente;Consistido
General Sul;11/08/2024;21;Liquida;0;3123;0;0;0;Hora Completa Consistente;Consistido
General Sul;11/08/2024;22;Liquida;0;3123;0;0;0;Hora Completa Consistente;Consistido
General Sul;11/08/2024;23;Liquida;0;3123;0;0;0;Hora Completa Consistente;Consistido
General Sul;11/08/2024;24;Liquida;0;3123;0;0;0;Hora Completa Consistente;Consistido
General Sul;12/08/2024;1;Liquida;0;3123;0;0;0;Hora Completa Consistente;Consistido
General Sul;12/08/2024;2;Liquida;0;3123;0;0;0;Hora Completa Consistente;Consistido
General Sul;12/08/2024;3;Liquida;0;3123;0;0;0;Hora Completa Consistente;Consistido
General Sul;12/08/2024;4;Liquida;0;3123;0;0;0;Hora Completa Consistente;Consistido
General Sul;12/08/2024;5;Liquida;0;3123;0;0;0;Hora Completa Consistente;Consistido
General Sul;12/08/2024;6;Liquida;0;3123;0;0;0;Hora Completa Consistente;Consistido
General Sul;12/08/2024;7;Liquida;0;3123;0;0;0;Hora Completa Consistente;Consistido
General Sul;12/08/2024;8;Liquida;0;3123;0;0;0;Hora Completa Consistente;Consistido
General Sul;12/08/2024;9;Liquida;0;3123;0;0;0;Hora Completa Consistente;Consistido
General Sul;12/08/2024;10;Liquida;0;3123;0;0;0;Hora Completa Consistente;Consistido
General Sul;12/08/2024;11;Liquida;0;3123;0;0;0;Hora Completa Consistente;Consistido
General Sul;12/08/2024;12;Liquida;0;3123;0;0;0;Hora Completa Consistente;Consistido
General Sul;12/08/2024;13;Liquida;0;3123;0;0;0;Hora Completa Consistente;Consistido
General Sul;12/08/2024;14;Liquida;0;3123;0;0;0;Hora Completa Consistente;Consistido
General Sul;12/08/2024;15;Liquida;0;3123;0;0;0;Hora Completa Consistente;Consistido
General Sul;12/08/2024;16;Liquida;0;3123;0;0;0;Hora Completa Consistente;Consistido
General Sul;12/08/2024;17;Liquida;0;3123;0;0;0;Hora Completa Consistente;Consistido
General Sul;12/08/2024;18;Liquida;0;3123;0;0;0;Hora Completa Consistente;Consistido
General Sul;12/08/2024;19;Liquida;0;3123;0;0;0;Hora Completa Consistente;Consistido
General Sul;12/08/2024;20;Liquida;0;3123;0;0;0;Hora Completa Consistente;Consistido
General Sul;12/08/2024;21;Liquida;0;3123;0;0;0;Hora Completa Consistente;Consistido
General Sul;12/08/2024;22;Liquida;0;3123;0;0;0;Hora Completa Consistente;Consistido
General Sul;12/08/2024;23;Liquida;0;3123;0;0;0;Hora Completa Consistente;Consistido
General Sul;12/08/2024;24;Liquida;0;3123;0;0;0;Hora Completa Consistente;Consistido
General Sul;13/08/2024;1;Liquida;0;3123;0;0;0;Hora Completa Consistente;Consistido
General Sul;13/08/2024;2;Liquida;0;3123;0;0;0;Hora Completa Consistente;Consistido
General Sul;13/08/2024;3;Liquida;0;3123;0;0;0;Hora Completa Consistente;Consistido
General Sul;13/08/2024;4;Liquida;0;3123;0;0;0;Hora Completa Consistente;Consistido
General Sul;13/08/2024;5;Liquida;0;3123;0;0;0;Hora Completa Consistente;Consistido
General Sul;13/08/2024;6;Liquida;0;3123;0;0;0;Hora Completa Consistente;Consistido
General Sul;13/08/2024;7;Liquida;0;3123;0;0;0;Hora Completa Consistente;Consistido
General Sul;13/08/2024;8;Liquida;0;3123;0;0;0;Hora Completa Consistente;Consistido
General Sul;13/08/2024;9;Liquida;0;3123;0;0;0;Hora Completa Consistente;Consistido
General Sul;13/08/2024;10;Liquida;0;3123;0;0;0;Hora Completa Consistente;Consistido
General Sul;13/08/2024;11;Liquida;0;3123;0;0;0;Hora Completa Consistente;Consistido
General Sul;13/08/2024;12;Liquida;0;3123;0;0;0;Hora Completa Consistente;Consistido
General Sul;13/08/2024;13;Liquida;0;3123;0;0;0;Hora Completa Consistente;Consistido
General Sul;13/08/2024;14;Liquida;0;3123;0;0;0;Hora Completa Consistente;Consistido
General Sul;13/08/2024;15;Liquida;0;3123;0;0;0;Hora Completa Consistente;Consistido
General Sul;13/08/2024;16;Liquida;0;3123;0;0;0;Hora Completa Consistente;Consistido
General Sul;13/08/2024;17;Liquida;0;3123;0;0;0;Hora Completa Consistente;Consistido
General Sul;13/08/2024;18;Liquida;0;3123;0;0;0;Hora Completa Consistente;Consistido
General Sul;13/08/2024;19;Liquida;0;3123;0;0;0;Hora Completa Consistente;Consistido
General Sul;13/08/2024;20;Liquida;0;3123;0;0;0;Hora Completa Consistente;Consistido
General Sul;13/08/2024;21;Liquida;0;3123;0;0;0;Hora Completa Consistente;Consistido
General Sul;13/08/2024;22;Liquida;0;3123;0;0;0;Hora Completa Consistente;Consistido
General Sul;13/08/2024;23;Liquida;0;3123;0;0;0;Hora Completa Consistente;Consistido
General Sul;13/08/2024;24;Liquida;0;3123;0;0;0;Hora Completa Consistente;Consistido
General Sul;14/08/2024;1;Liquida;0;3123;0;0;0;Hora Completa Consistente;Consistido
General Sul;14/08/2024;2;Liquida;0;3123;0;0;0;Hora Completa Consistente;Consistido
General Sul;14/08/2024;3;Liquida;0;3123;0;0;0;Hora Completa Consistente;Consistido
General Sul;14/08/2024;4;Liquida;0;3123;0;0;0;Hora Completa Consistente;Consistido
General Sul;14/08/2024;5;Liquida;0;3123;0;0;0;Hora Completa Consistente;Consistido
General Sul;14/08/2024;6;Liquida;0;3123;0;0;0;Hora Completa Consistente;Consistido
General Sul;14/08/2024;7;Liquida;0;3123;0;0;0;Hora Completa Consistente;Consistido
General Sul;14/08/2024;8;Liquida;0;3123;0;0;0;Hora Completa Consistente;Consistido
General Sul;14/08/2024;9;Liquida;0;3123;0;0;0;Hora Completa Consistente;Consistido
General Sul;14/08/2024;10;Liquida;0;3123;0;0;0;Hora Completa Consistente;Consistido
General Sul;14/08/2024;11;Liquida;0;3123;0;0;0;Hora Completa Consistente;Consistido
General Sul;14/08/2024;12;Liquida;0;3123;0;0;0;Hora Completa Consistente;Consistido
General Sul;14/08/2024;13;Liquida;0;3123;0;0;0;Hora Completa Consistente;Consistido
General Sul;14/08/2024;14;Liquida;0;3123;0;0;0;Hora Completa Consistente;Consistido
General Sul;14/08/2024;15;Liquida;0;3123;0;0;0;Hora Completa Consistente;Consistido
General Sul;14/08/2024;16;Liquida;0;3123;0;0;0;Hora Completa Consistente;Consistido
General Sul;14/08/2024;17;Liquida;0;3123;0;0;0;Hora Completa Consistente;Consistido
General Sul;14/08/2024;18;Liquida;0;3123;0;0;0;Hora Completa Consistente;Consistido
General Sul;14/08/2024;19;Liquida;0;3123;0;0;0;Hora Completa Consistente;Consistido
General Sul;14/08/2024;20;Liquida;0;3123;0;0;0;Hora Completa Consistente;Consistido
General Sul;14/08/2024;21;Liquida;0;3123;0;0;0;Hora Completa Consistente;Consistido
General Sul;14/08/2024;22;Liquida;0;3123;0;0;0;Hora Completa Consistente;Consistido
General Sul;14/08/2024;23;Liquida;0;3123;0;0;0;Hora Completa Consistente;Consistido
General Sul;14/08/2024;24;Liquida;0;3123;0;0;0;Hora Completa Consistente;Consistido
General Sul;15/08/2024;1;Liquida;0;3123;0;0;0;Hora Completa Consistente;Consistido
General Sul;15/08/2024;2;Liquida;0;3123;0;0;0;Hora Completa Consistente;Consistido
General Sul;15/08/2024;3;Liquida;0;3123;0;0;0;Hora Completa Consistente;Consistido
General Sul;15/08/2024;4;Liquida;0;3123;0;0;0;Hora Completa Consistente;Consistido
General Sul;15/08/2024;5;Liquida;0;3123;0;0;0;Hora Completa Consistente;Consistido
General Sul;15/08/2024;6;Liquida;0;3123;0;0;0;Hora Completa Consistente;Consistido
General Sul;15/08/2024;7;Liquida;0;3123;0;0;0;Hora Completa Consistente;Consistido
General Sul;15/08/2024;8;Liquida;0;3123;0;0;0;Hora Completa Consistente;Consistido
General Sul;15/08/2024;9;Liquida;0;3123;0;0;0;Hora Completa Consistente;Consistido
General Sul;15/08/2024;10;Liquida;0;3123;0;0;0;Hora Completa Consistente;Consistido
General Sul;15/08/2024;11;Liquida;0;3123;0;0;0;Hora Completa Consistente;Consistido
General Sul;15/08/2024;12;Liquida;0;3123;0;0;0;Hora Completa Consistente;Consistido
General Sul;15/08/2024;13;Liquida;0;3123;0;0;0;Hora Completa Consistente;Consistido
General Sul;15/08/2024;14;Liquida;0;3123;0;0;0;Hora Completa Consistente;Consistido
General Sul;15/08/2024;15;Liquida;0;3123;0;0;0;Hora Completa Consistente;Consistido
General Sul;15/08/2024;16;Liquida;0;3123;0;0;0;Hora Completa Consistente;Consistido
General Sul;15/08/2024;17;Liquida;0;3123;0;0;0;Hora Completa Consistente;Consistido
General Sul;15/08/2024;18;Liquida;0;3123;0;0;0;Hora Completa Consistente;Consistido
General Sul;15/08/2024;19;Liquida;0;3123;0;0;0;Hora Completa Consistente;Consistido
General Sul;15/08/2024;20;Liquida;0;3123;0;0;0;Hora Completa Consistente;Consistido
General Sul;15/08/2024;21;Liquida;0;3123;0;0;0;Hora Completa Consistente;Consistido
General Sul;15/08/2024;22;Liquida;0;3123;0;0;0;Hora Completa Consistente;Consistido
General Sul;15/08/2024;23;Liquida;0;3123;0;0;0;Hora Completa Consistente;Consistido
General Sul;15/08/2024;24;Liquida;0;3123;0;0;0;Hora Completa Consistente;Consistido
General Sul;16/08/2024;1;Liquida;0;3123;0;0;0;Hora Completa Consistente;Consistido
General Sul;16/08/2024;2;Liquida;0;3123;0;0;0;Hora Completa Consistente;Consistido
General Sul;16/08/2024;3;Liquida;0;3123;0;0;0;Hora Completa Consistente;Consistido
General Sul;16/08/2024;4;Liquida;0;3123;0;0;0;Hora Completa Consistente;Consistido
General Sul;16/08/2024;5;Liquida;0;3123;0;0;0;Hora Completa Consistente;Consistido
General Sul;16/08/2024;6;Liquida;0;3123;0;0;0;Hora Completa Consistente;Consistido
General Sul;16/08/2024;7;Liquida;0;3123;0;0;0;Hora Completa Consistente;Consistido
General Sul;16/08/2024;8;Liquida;0;3123;0;0;0;Hora Completa Consistente;Consistido
General Sul;16/08/2024;9;Liquida;0;3123;0;0;0;Hora Completa Consistente;Consistido
General Sul;16/08/2024;10;Liquida;0;3123;0;0;0;Hora Completa Consistente;Consistido
General Sul;16/08/2024;11;Liquida;0;3123;0;0;0;Hora Completa Consistente;Consistido
General Sul;16/08/2024;12;Liquida;0;3123;0;0;0;Hora Completa Consistente;Consistido
General Sul;16/08/2024;13;Liquida;0;3123;0;0;0;Hora Completa Consistente;Consistido
General Sul;16/08/2024;14;Liquida;0;3123;0;0;0;Hora Completa Consistente;Consistido
General Sul;16/08/2024;15;Liquida;0;3123;0;0;0;Hora Completa Consistente;Consistido
General Sul;16/08/2024;16;Liquida;0;3123;0;0;0;Hora Completa Consistente;Consistido
General Sul;16/08/2024;17;Liquida;0;3123;0;0;0;Hora Completa Consistente;Consistido
General Sul;16/08/2024;18;Liquida;0;3123;0;0;0;Hora Completa Consistente;Consistido
General Sul;16/08/2024;19;Liquida;0;3123;0;0;0;Hora Completa Consistente;Consistido
General Sul;16/08/2024;20;Liquida;0;3123;0;0;0;Hora Completa Consistente;Consistido
General Sul;16/08/2024;21;Liquida;0;3123;0;0;0;Hora Completa Consistente;Consistido
General Sul;16/08/2024;22;Liquida;0;3123;0;0;0;Hora Completa Consistente;Consistido
General Sul;16/08/2024;23;Liquida;0;3123;0;0;0;Hora Completa Consistente;Consistido
General Sul;16/08/2024;24;Liquida;0;3123;0;0;0;Hora Completa Consistente;Consistido
General Sul;17/08/2024;1;Liquida;0;3123;0;0;0;Hora Completa Consistente;Consistido
General Sul;17/08/2024;2;Liquida;0;3123;0;0;0;Hora Completa Consistente;Consistido
General Sul;17/08/2024;3;Liquida;0;3123;0;0;0;Hora Completa Consistente;Consistido
General Sul;17/08/2024;4;Liquida;0;3123;0;0;0;Hora Completa Consistente;Consistido
General Sul;17/08/2024;5;Liquida;0;3123;0;0;0;Hora Completa Consistente;Consistido
General Sul;17/08/2024;6;Liquida;0;3123;0;0;0;Hora Completa Consistente;Consistido
General Sul;17/08/2024;7;Liquida;0;3123;0;0;0;Hora Completa Consistente;Consistido
General Sul;17/08/2024;8;Liquida;0;3123;0;0;0;Hora Completa Consistente;Consistido
General Sul;17/08/2024;9;Liquida;0;3123;0;0;0;Hora Completa Consistente;Consistido
General Sul;17/08/2024;10;Liquida;0;3123;0;0;0;Hora Completa Consistente;Consistido
General Sul;17/08/2024;11;Liquida;0;3123;0;0;0;Hora Completa Consistente;Consistido
General Sul;17/08/2024;12;Liquida;0;3123;0;0;0;Hora Completa Consistente;Consistido
General Sul;17/08/2024;13;Liquida;0;3123;0;0;0;Hora Completa Consistente;Consistido
General Sul;17/08/2024;14;Liquida;0;3123;0;0;0;Hora Completa Consistente;Consistido
General Sul;17/08/2024;15;Liquida;0;3123;0;0;0;Hora Completa Consistente;Consistido
General Sul;17/08/2024;16;Liquida;0;3123;0;0;0;Hora Completa Consistente;Consistido
General Sul;17/08/2024;17;Liquida;0;3123;0;0;0;Hora Completa Consistente;Consistido
General Sul;17/08/2024;18;Liquida;0;3123;0;0;0;Hora Completa Consistente;Consistido
General Sul;17/08/2024;19;Liquida;0;3123;0;0;0;Hora Completa Consistente;Consistido
General Sul;17/08/2024;20;Liquida;0;3123;0;0;0;Hora Completa Consistente;Consistido
General Sul;17/08/2024;21;Liquida;0;3123;0;0;0;Hora Completa Consistente;Consistido
General Sul;17/08/2024;22;Liquida;0;3123;0;0;0;Hora Completa Consistente;Consistido
General Sul;17/08/2024;23;Liquida;0;3123;0;0;0;Hora Completa Consistente;Consistido
General Sul;17/08/2024;24;Liquida;0;3123;0;0;0;Hora Completa Consistente;Consistido
General Sul;18/08/2024;1;Liquida;0;3123;0;0;0;Hora Completa Consistente;Consistido
General Sul;18/08/2024;2;Liquida;0;3123;0;0;0;Hora Completa Consistente;Consistido
General Sul;18/08/2024;3;Liquida;0;3123;0;0;0;Hora Completa Consistente;Consistido
General Sul;18/08/2024;4;Liquida;0;3123;0;0;0;Hora Completa Consistente;Consistido
General Sul;18/08/2024;5;Liquida;0;3123;0;0;0;Hora Completa Consistente;Consistido
General Sul;18/08/2024;6;Liquida;0;3123;0;0;0;Hora Completa Consistente;Consistido
General Sul;18/08/2024;7;Liquida;0;3123;0;0;0;Hora Completa Consistente;Consistido
General Sul;18/08/2024;8;Liquida;0;3123;0;0;0;Hora Completa Consistente;Consistido
General Sul;18/08/2024;9;Liquida;0;3123;0;0;0;Hora Completa Consistente;Consistido
General Sul;18/08/2024;10;Liquida;0;3123;0;0;0;Hora Completa Consistente;Consistido
General Sul;18/08/2024;11;Liquida;0;3123;0;0;0;Hora Completa Consistente;Consistido
General Sul;18/08/2024;12;Liquida;0;3123;0;0;0;Hora Completa Consistente;Consistido
General Sul;18/08/2024;13;Liquida;0;3123;0;0;0;Hora Completa Consistente;Consistido
General Sul;18/08/2024;14;Liquida;0;3123;0;0;0;Hora Completa Consistente;Consistido
General Sul;18/08/2024;15;Liquida;0;3123;0;0;0;Hora Completa Consistente;Consistido
General Sul;18/08/2024;16;Liquida;0;3123;0;0;0;Hora Completa Consistente;Consistido
General Sul;18/08/2024;17;Liquida;0;3123;0;0;0;Hora Completa Consistente;Consistido
General Sul;18/08/2024;18;Liquida;0;3123;0;0;0;Hora Completa Consistente;Consistido
General Sul;18/08/2024;19;Liquida;0;3123;0;0;0;Hora Completa Consistente;Consistido
General Sul;18/08/2024;20;Liquida;0;3123;0;0;0;Hora Completa Consistente;Consistido
General Sul;18/08/2024;21;Liquida;0;3123;0;0;0;Hora Completa Consistente;Consistido
General Sul;18/08/2024;22;Liquida;0;3123;0;0;0;Hora Completa Consistente;Consistido
General Sul;18/08/2024;23;Liquida;0;3123;0;0;0;Hora Completa Consistente;Consistido
General Sul;18/08/2024;24;Liquida;0;3123;0;0;0;Hora Completa Consistente;Consistido
General Sul;19/08/2024;1;Liquida;0;3123;0;0;0;Hora Completa Consistente;Consistido
General Sul;19/08/2024;2;Liquida;0;3123;0;0;0;Hora Completa Consistente;Consistido
General Sul;19/08/2024;3;Liquida;0;3123;0;0;0;Hora Completa Consistente;Consistido
General Sul;19/08/2024;4;Liquida;0;3123;0;0;0;Hora Completa Consistente;Consistido
General Sul;19/08/2024;5;Liquida;0;3123;0;0;0;Hora Completa Consistente;Consistido
General Sul;19/08/2024;6;Liquida;0;3123;0;0;0;Hora Completa Consistente;Consistido
General Sul;19/08/2024;7;Liquida;0;3123;0;0;0;Hora Completa Consistente;Consistido
General Sul;19/08/2024;8;Liquida;0;3123;0;0;0;Hora Completa Consistente;Consistido
General Sul;19/08/2024;9;Liquida;0;3123;0;0;0;Hora Completa Consistente;Consistido
General Sul;19/08/2024;10;Liquida;0;3123;0;0;0;Hora Completa Consistente;Consistido
General Sul;19/08/2024;11;Liquida;0;3123;0;0;0;Hora Completa Consistente;Consistido
General Sul;19/08/2024;12;Liquida;0;3123;0;0;0;Hora Completa Consistente;Consistido
General Sul;19/08/2024;13;Liquida;0;3123;0;0;0;Hora Completa Consistente;Consistido
General Sul;19/08/2024;14;Liquida;0;3123;0;0;0;Hora Completa Consistente;Consistido
General Sul;19/08/2024;15;Liquida;0;3123;0;0;0;Hora Completa Consistente;Consistido
General Sul;19/08/2024;16;Liquida;0;3123;0;0;0;Hora Completa Consistente;Consistido
General Sul;19/08/2024;17;Liquida;0;3123;0;0;0;Hora Completa Consistente;Consistido
General Sul;19/08/2024;18;Liquida;0;3123;0;0;0;Hora Completa Consistente;Consistido
General Sul;19/08/2024;19;Liquida;0;3123;0;0;0;Hora Completa Consistente;Consistido
General Sul;19/08/2024;20;Liquida;0;3123;0;0;0;Hora Completa Consistente;Consistido
General Sul;19/08/2024;21;Liquida;0;3123;0;0;0;Hora Completa Consistente;Consistido
General Sul;19/08/2024;22;Liquida;0;3123;0;0;0;Hora Completa Consistente;Consistido
General Sul;19/08/2024;23;Liquida;0;3123;0;0;0;Hora Completa Consistente;Consistido
General Sul;19/08/2024;24;Liquida;0;3123;0;0;0;Hora Completa Consistente;Consistido
General Sul;20/08/2024;1;Liquida;0;3123;0;0;0;Hora Completa Consistente;Consistido
General Sul;20/08/2024;2;Liquida;0;3123;0;0;0;Hora Completa Consistente;Consistido
General Sul;20/08/2024;3;Liquida;0;3123;0;0;0;Hora Completa Consistente;Consistido
General Sul;20/08/2024;4;Liquida;0;3123;0;0;0;Hora Completa Consistente;Consistido
General Sul;20/08/2024;5;Liquida;0;3123;0;0;0;Hora Completa Consistente;Consistido
General Sul;20/08/2024;6;Liquida;0;3123;0;0;0;Hora Completa Consistente;Consistido
General Sul;20/08/2024;7;Liquida;0;3123;0;0;0;Hora Completa Consistente;Consistido
General Sul;20/08/2024;8;Liquida;0;3123;0;0;0;Hora Completa Consistente;Consistido
General Sul;20/08/2024;9;Liquida;0;3123;0;0;0;Hora Completa Consistente;Consistido
General Sul;20/08/2024;10;Liquida;0;3123;0;0;0;Hora Completa Consistente;Consistido
General Sul;20/08/2024;11;Liquida;0;3123;0;0;0;Hora Completa Consistente;Consistido
General Sul;20/08/2024;12;Liquida;0;3123;0;0;0;Hora Completa Consistente;Consistido
General Sul;20/08/2024;13;Liquida;0;3123;0;0;0;Hora Completa Consistente;Consistido
General Sul;20/08/2024;14;Liquida;0;3123;0;0;0;Hora Completa Consistente;Consistido
General Sul;20/08/2024;15;Liquida;0;3123;0;0;0;Hora Completa Consistente;Consistido
General Sul;20/08/2024;16;Liquida;0;3123;0;0;0;Hora Completa Consistente;Consistido
General Sul;20/08/2024;17;Liquida;0;3123;0;0;0;Hora Completa Consistente;Consistido
General Sul;20/08/2024;18;Liquida;0;3123;0;0;0;Hora Completa Consistente;Consistido
General Sul;20/08/2024;19;Liquida;0;3123;0;0;0;Hora Completa Consistente;Consistido
General Sul;20/08/2024;20;Liquida;0;3123;0;0;0;Hora Completa Consistente;Consistido
General Sul;20/08/2024;21;Liquida;0;3123;0;0;0;Hora Completa Consistente;Consistido
General Sul;20/08/2024;22;Liquida;0;3123;0;0;0;Hora Completa Consistente;Consistido
General Sul;20/08/2024;23;Liquida;0;3123;0;0;0;Hora Completa Consistente;Consistido
General Sul;20/08/2024;24;Liquida;0;3123;0;0;0;Hora Completa Consistente;Consistido
General Sul;21/08/2024;1;Liquida;0;3123;0;0;0;Hora Completa Consistente;Consistido
General Sul;21/08/2024;2;Liquida;0;3123;0;0;0;Hora Completa Consistente;Consistido
General Sul;21/08/2024;3;Liquida;0;3123;0;0;0;Hora Completa Consistente;Consistido
General Sul;21/08/2024;4;Liquida;0;3123;0;0;0;Hora Completa Consistente;Consistido
General Sul;21/08/2024;5;Liquida;0;3123;0;0;0;Hora Completa Consistente;Consistido
General Sul;21/08/2024;6;Liquida;0;3123;0;0;0;Hora Completa Consistente;Consistido
General Sul;21/08/2024;7;Liquida;0;3123;0;0;0;Hora Completa Consistente;Consistido
General Sul;21/08/2024;8;Liquida;0;3123;0;0;0;Hora Completa Consistente;Consistido
General Sul;21/08/2024;9;Liquida;0;3123;0;0;0;Hora Completa Consistente;Consistido
General Sul;21/08/2024;10;Liquida;0;3123;0;0;0;Hora Completa Consistente;Consistido
General Sul;21/08/2024;11;Liquida;0;3123;0;0;0;Hora Completa Consistente;Consistido
General Sul;21/08/2024;12;Liquida;0;3123;0;0;0;Hora Completa Consistente;Consistido
General Sul;21/08/2024;13;Liquida;0;3123;0;0;0;Hora Completa Consistente;Consistido
General Sul;21/08/2024;14;Liquida;0;3123;0;0;0;Hora Completa Consistente;Consistido
General Sul;21/08/2024;15;Liquida;0;3123;0;0;0;Hora Completa Consistente;Consistido
General Sul;21/08/2024;16;Liquida;0;3123;0;0;0;Hora Completa Consistente;Consistido
General Sul;21/08/2024;17;Liquida;0;3123;0;0;0;Hora Completa Consistente;Consistido
General Sul;21/08/2024;18;Liquida;0;3123;0;0;0;Hora Completa Consistente;Consistido
General Sul;21/08/2024;19;Liquida;0;3123;0;0;0;Hora Completa Consistente;Consistido
General Sul;21/08/2024;20;Liquida;0;3123;0;0;0;Hora Completa Consistente;Consistido
General Sul;21/08/2024;21;Liquida;0;3123;0;0;0;Hora Completa Consistente;Consistido
General Sul;21/08/2024;22;Liquida;0;3123;0;0;0;Hora Completa Consistente;Consistido
General Sul;21/08/2024;23;Liquida;0;3123;0;0;0;Hora Completa Consistente;Consistido
General Sul;21/08/2024;24;Liquida;0;3123;0;0;0;Hora Completa Consistente;Consistido
General Sul;22/08/2024;1;Liquida;0;3123;0;0;0;Hora Completa Consistente;Consistido
General Sul;22/08/2024;2;Liquida;0;3123;0;0;0;Hora Completa Consistente;Consistido
General Sul;22/08/2024;3;Liquida;0;3123;0;0;0;Hora Completa Consistente;Consistido
General Sul;22/08/2024;4;Liquida;0;3123;0;0;0;Hora Completa Consistente;Consistido
General Sul;22/08/2024;5;Liquida;0;3123;0;0;0;Hora Completa Consistente;Consistido
General Sul;22/08/2024;6;Liquida;0;3123;0;0;0;Hora Completa Consistente;Consistido
General Sul;22/08/2024;7;Liquida;0;3123;0;0;0;Hora Completa Consistente;Consistido
General Sul;22/08/2024;8;Liquida;0;3123;0;0;0;Hora Completa Consistente;Consistido
General Sul;22/08/2024;9;Liquida;0;3123;0;0;0;Hora Completa Consistente;Consistido
General Sul;22/08/2024;10;Liquida;0;3123;0;0;0;Hora Completa Consistente;Consistido
General Sul;22/08/2024;11;Liquida;0;3123;0;0;0;Hora Completa Consistente;Consistido
General Sul;22/08/2024;12;Liquida;0;3123;0;0;0;Hora Completa Consistente;Consistido
General Sul;22/08/2024;13;Liquida;0;3123;0;0;0;Hora Completa Consistente;Consistido
General Sul;22/08/2024;14;Liquida;0;3123;0;0;0;Hora Completa Consistente;Consistido
General Sul;22/08/2024;15;Liquida;0;3123;0;0;0;Hora Completa Consistente;Consistido
General Sul;22/08/2024;16;Liquida;0;3123;0;0;0;Hora Completa Consistente;Consistido
General Sul;22/08/2024;17;Liquida;0;3123;0;0;0;Hora Completa Consistente;Consistido
General Sul;22/08/2024;18;Liquida;0;3123;0;0;0;Hora Completa Consistente;Consistido
General Sul;22/08/2024;19;Liquida;0;3123;0;0;0;Hora Completa Consistente;Consistido
General Sul;22/08/2024;20;Liquida;0;3123;0;0;0;Hora Completa Consistente;Consistido
General Sul;22/08/2024;21;Liquida;0;3123;0;0;0;Hora Completa Consistente;Consistido
General Sul;22/08/2024;22;Liquida;0;3123;0;0;0;Hora Completa Consistente;Consistido
General Sul;22/08/2024;23;Liquida;0;3123;0;0;0;Hora Completa Consistente;Consistido
General Sul;22/08/2024;24;Liquida;0;3123;0;0;0;Hora Completa Consistente;Consistido
General Sul;23/08/2024;1;Liquida;0;3123;0;0;0;Hora Completa Consistente;Consistido
General Sul;23/08/2024;2;Liquida;0;3123;0;0;0;Hora Completa Consistente;Consistido
General Sul;23/08/2024;3;Liquida;0;3123;0;0;0;Hora Completa Consistente;Consistido
General Sul;23/08/2024;4;Liquida;0;3123;0;0;0;Hora Completa Consistente;Consistido
General Sul;23/08/2024;5;Liquida;0;3123;0;0;0;Hora Completa Consistente;Consistido
General Sul;23/08/2024;6;Liquida;0;3123;0;0;0;Hora Completa Consistente;Consistido
General Sul;23/08/2024;7;Liquida;0;3123;0;0;0;Hora Completa Consistente;Consistido
General Sul;23/08/2024;8;Liquida;0;3123;0;0;0;Hora Completa Consistente;Consistido
General Sul;23/08/2024;9;Liquida;0;3123;0;0;0;Hora Completa Consistente;Consistido
General Sul;23/08/2024;10;Liquida;0;3123;0;0;0;Hora Completa Consistente;Consistido
General Sul;23/08/2024;11;Liquida;0;3123;0;0;0;Hora Completa Consistente;Consistido
General Sul;23/08/2024;12;Liquida;0;3123;0;0;0;Hora Completa Consistente;Consistido
General Sul;23/08/2024;13;Liquida;0;3123;0;0;0;Hora Completa Consistente;Consistido
General Sul;23/08/2024;14;Liquida;0;3123;0;0;0;Hora Completa Consistente;Consistido
General Sul;23/08/2024;15;Liquida;0;3123;0;0;0;Hora Completa Consistente;Consistido
General Sul;23/08/2024;16;Liquida;0;3123;0;0;0;Hora Completa Consistente;Consistido
General Sul;23/08/2024;17;Liquida;0;3123;0;0;0;Hora Completa Consistente;Consistido
General Sul;23/08/2024;18;Liquida;0;3123;0;0;0;Hora Completa Consistente;Consistido
General Sul;23/08/2024;19;Liquida;0;3123;0;0;0;Hora Completa Consistente;Consistido
General Sul;23/08/2024;20;Liquida;0;3123;0;0;0;Hora Completa Consistente;Consistido
General Sul;23/08/2024;21;Liquida;0;3123;0;0;0;Hora Completa Consistente;Consistido
General Sul;23/08/2024;22;Liquida;0;3123;0;0;0;Hora Completa Consistente;Consistido
General Sul;23/08/2024;23;Liquida;0;3123;0;0;0;Hora Completa Consistente;Consistido
General Sul;23/08/2024;24;Liquida;0;3123;0;0;0;Hora Completa Consistente;Consistido
General Sul;24/08/2024;1;Liquida;0;3123;0;0;0;Hora Completa Consistente;Consistido
General Sul;24/08/2024;2;Liquida;0;3123;0;0;0;Hora Completa Consistente;Consistido
General Sul;24/08/2024;3;Liquida;0;3123;0;0;0;Hora Completa Consistente;Consistido
General Sul;24/08/2024;4;Liquida;0;3123;0;0;0;Hora Completa Consistente;Consistido
General Sul;24/08/2024;5;Liquida;0;3123;0;0;0;Hora Completa Consistente;Consistido
General Sul;24/08/2024;6;Liquida;0;3123;0;0;0;Hora Completa Consistente;Consistido
General Sul;24/08/2024;7;Liquida;0;3123;0;0;0;Hora Completa Consistente;Consistido
General Sul;24/08/2024;8;Liquida;0;3123;0;0;0;Hora Completa Consistente;Consistido
General Sul;24/08/2024;9;Liquida;0;3123;0;0;0;Hora Completa Consistente;Consistido
General Sul;24/08/2024;10;Liquida;0;3123;0;0;0;Hora Completa Consistente;Consistido
General Sul;24/08/2024;11;Liquida;0;3123;0;0;0;Hora Completa Consistente;Consistido
General Sul;24/08/2024;12;Liquida;0;3123;0;0;0;Hora Completa Consistente;Consistido
General Sul;24/08/2024;13;Liquida;0;3123;0;0;0;Hora Completa Consistente;Consistido
General Sul;24/08/2024;14;Liquida;0;3123;0;0;0;Hora Completa Consistente;Consistido
General Sul;24/08/2024;15;Liquida;0;3123;0;0;0;Hora Completa Consistente;Consistido
General Sul;24/08/2024;16;Liquida;0;3123;0;0;0;Hora Completa Consistente;Consistido
General Sul;24/08/2024;17;Liquida;0;3123;0;0;0;Hora Completa Consistente;Consistido
General Sul;24/08/2024;18;Liquida;0;3123;0;0;0;Hora Completa Consistente;Consistido
General Sul;24/08/2024;19;Liquida;0;3123;0;0;0;Hora Completa Consistente;Consistido
General Sul;24/08/2024;20;Liquida;0;3123;0;0;0;Hora Completa Consistente;Consistido
General Sul;24/08/2024;21;Liquida;0;3123;0;0;0;Hora Completa Consistente;Consistido
General Sul;24/08/2024;22;Liquida;0;3123;0;0;0;Hora Completa Consistente;Consistido
General Sul;24/08/2024;23;Liquida;0;3123;0;0;0;Hora Completa Consistente;Consistido
General Sul;24/08/2024;24;Liquida;0;3123;0;0;0;Hora Completa Consistente;Consistido
General Sul;25/08/2024;1;Liquida;0;3123;0;0;0;Hora Completa Consistente;Consistido
General Sul;25/08/2024;2;Liquida;0;3123;0;0;0;Hora Completa Consistente;Consistido
General Sul;25/08/2024;3;Liquida;0;3123;0;0;0;Hora Completa Consistente;Consistido
General Sul;25/08/2024;4;Liquida;0;3123;0;0;0;Hora Completa Consistente;Consistido
General Sul;25/08/2024;5;Liquida;0;3123;0;0;0;Hora Completa Consistente;Consistido
General Sul;25/08/2024;6;Liquida;0;3123;0;0;0;Hora Completa Consistente;Consistido
General Sul;25/08/2024;7;Liquida;0;3123;0;0;0;Hora Completa Consistente;Consistido
General Sul;25/08/2024;8;Liquida;0;3123;0;0;0;Hora Completa Consistente;Consistido
General Sul;25/08/2024;9;Liquida;0;3123;0;0;0;Hora Completa Consistente;Consistido
General Sul;25/08/2024;10;Liquida;0;3123;0;0;0;Hora Completa Consistente;Consistido
General Sul;25/08/2024;11;Liquida;0;3123;0;0;0;Hora Completa Consistente;Consistido
General Sul;25/08/2024;12;Liquida;0;3123;0;0;0;Hora Completa Consistente;Consistido
General Sul;25/08/2024;13;Liquida;0;3123;0;0;0;Hora Completa Consistente;Consistido
General Sul;25/08/2024;14;Liquida;0;3123;0;0;0;Hora Completa Consistente;Consistido
General Sul;25/08/2024;15;Liquida;0;3123;0;0;0;Hora Completa Consistente;Consistido
General Sul;25/08/2024;16;Liquida;0;3123;0;0;0;Hora Completa Consistente;Consistido
General Sul;25/08/2024;17;Liquida;0;3123;0;0;0;Hora Completa Consistente;Consistido
General Sul;25/08/2024;18;Liquida;0;3123;0;0;0;Hora Completa Consistente;Consistido
General Sul;25/08/2024;19;Liquida;0;3123;0;0;0;Hora Completa Consistente;Consistido
General Sul;25/08/2024;20;Liquida;0;3123;0;0;0;Hora Completa Consistente;Consistido
General Sul;25/08/2024;21;Liquida;0;3123;0;0;0;Hora Completa Consistente;Consistido
General Sul;25/08/2024;22;Liquida;0;3123;0;0;0;Hora Completa Consistente;Consistido
General Sul;25/08/2024;23;Liquida;0;3123;0;0;0;Hora Completa Consistente;Consistido
General Sul;25/08/2024;24;Liquida;0;3123;0;0;0;Hora Completa Consistente;Consistido
General Sul;26/08/2024;1;Liquida;0;3123;0;0;0;Hora Completa Consistente;Consistido
General Sul;26/08/2024;2;Liquida;0;3123;0;0;0;Hora Completa Consistente;Consistido
General Sul;26/08/2024;3;Liquida;0;3123;0;0;0;Hora Completa Consistente;Consistido
General Sul;26/08/2024;4;Liquida;0;3123;0;0;0;Hora Completa Consistente;Consistido
General Sul;26/08/2024;5;Liquida;0;3123;0;0;0;Hora Completa Consistente;Consistido
General Sul;26/08/2024;6;Liquida;0;3123;0;0;0;Hora Completa Consistente;Consistido
General Sul;26/08/2024;7;Liquida;0;3123;0;0;0;Hora Completa Consistente;Consistido
General Sul;26/08/2024;8;Liquida;0;3123;0;0;0;Hora Completa Consistente;Consistido
General Sul;26/08/2024;9;Liquida;0;3123;0;0;0;Hora Completa Consistente;Consistido
General Sul;26/08/2024;10;Liquida;0;3123;0;0;0;Hora Completa Consistente;Consistido
General Sul;26/08/2024;11;Liquida;0;3123;0;0;0;Hora Completa Consistente;Consistido
General Sul;26/08/2024;12;Liquida;0;3123;0;0;0;Hora Completa Consistente;Consistido
General Sul;26/08/2024;13;Liquida;0;3123;0;0;0;Hora Completa Consistente;Consistido
General Sul;26/08/2024;14;Liquida;0;3123;0;0;0;Hora Completa Consistente;Consistido
General Sul;26/08/2024;15;Liquida;0;3123;0;0;0;Hora Completa Consistente;Consistido
General Sul;26/08/2024;16;Liquida;0;3123;0;0;0;Hora Completa Consistente;Consistido
General Sul;26/08/2024;17;Liquida;0;3123;0;0;0;Hora Completa Consistente;Consistido
General Sul;26/08/2024;18;Liquida;0;3123;0;0;0;Hora Completa Consistente;Consistido
General Sul;26/08/2024;19;Liquida;0;3123;0;0;0;Hora Completa Consistente;Consistido
General Sul;26/08/2024;20;Liquida;0;3123;0;0;0;Hora Completa Consistente;Consistido
General Sul;26/08/2024;21;Liquida;0;3123;0;0;0;Hora Completa Consistente;Consistido
General Sul;26/08/2024;22;Liquida;0;3123;0;0;0;Hora Completa Consistente;Consistido
General Sul;26/08/2024;23;Liquida;0;3123;0;0;0;Hora Completa Consistente;Consistido
General Sul;26/08/2024;24;Liquida;0;3123;0;0;0;Hora Completa Consistente;Consistido
General Sul;27/08/2024;1;Liquida;0;3123;0;0;0;Hora Completa Consistente;Consistido
General Sul;27/08/2024;2;Liquida;0;3123;0;0;0;Hora Completa Consistente;Consistido
General Sul;27/08/2024;3;Liquida;0;3123;0;0;0;Hora Completa Consistente;Consistido
General Sul;27/08/2024;4;Liquida;0;3123;0;0;0;Hora Completa Consistente;Consistido
General Sul;27/08/2024;5;Liquida;0;3123;0;0;0;Hora Completa Consistente;Consistido
General Sul;27/08/2024;6;Liquida;0;3123;0;0;0;Hora Completa Consistente;Consistido
General Sul;27/08/2024;7;Liquida;0;3123;0;0;0;Hora Completa Consistente;Consistido
General Sul;27/08/2024;8;Liquida;0;3123;0;0;0;Hora Completa Consistente;Consistido
General Sul;27/08/2024;9;Liquida;0;3123;0;0;0;Hora Completa Consistente;Consistido
General Sul;27/08/2024;10;Liquida;0;3123;0;0;0;Hora Completa Consistente;Consistido
General Sul;27/08/2024;11;Liquida;0;3123;0;0;0;Hora Completa Consistente;Consistido
General Sul;27/08/2024;12;Liquida;0;3123;0;0;0;Hora Completa Consistente;Consistido
General Sul;27/08/2024;13;Liquida;0;3123;0;0;0;Hora Completa Consistente;Consistido
General Sul;27/08/2024;14;Liquida;0;3123;0;0;0;Hora Completa Consistente;Consistido
General Sul;27/08/2024;15;Liquida;0;3123;0;0;0;Hora Completa Consistente;Consistido
General Sul;27/08/2024;16;Liquida;0;3123;0;0;0;Hora Completa Consistente;Consistido
General Sul;27/08/2024;17;Liquida;0;3123;0;0;0;Hora Completa Consistente;Consistido
General Sul;27/08/2024;18;Liquida;0;3123;0;0;0;Hora Completa Consistente;Consistido
General Sul;27/08/2024;19;Liquida;0;3123;0;0;0;Hora Completa Consistente;Consistido
General Sul;27/08/2024;20;Liquida;0;3123;0;0;0;Hora Completa Consistente;Consistido
General Sul;27/08/2024;21;Liquida;0;3123;0;0;0;Hora Completa Consistente;Consistido
General Sul;27/08/2024;22;Liquida;0;3123;0;0;0;Hora Completa Consistente;Consistido
General Sul;27/08/2024;23;Liquida;0;3123;0;0;0;Hora Completa Consistente;Consistido
General Sul;27/08/2024;24;Liquida;0;3123;0;0;0;Hora Completa Consistente;Consistido
General Sul;28/08/2024;1;Liquida;0;3123;0;0;0;Hora Completa Consistente;Consistido
General Sul;28/08/2024;2;Liquida;0;3123;0;0;0;Hora Completa Consistente;Consistido
General Sul;28/08/2024;3;Liquida;0;3123;0;0;0;Hora Completa Consistente;Consistido
General Sul;28/08/2024;4;Liquida;0;3123;0;0;0;Hora Completa Consistente;Consistido
General Sul;28/08/2024;5;Liquida;0;3123;0;0;0;Hora Completa Consistente;Consistido
General Sul;28/08/2024;6;Liquida;0;3123;0;0;0;Hora Completa Consistente;Consistido
General Sul;28/08/2024;7;Liquida;0;3123;0;0;0;Hora Completa Consistente;Consistido
General Sul;28/08/2024;8;Liquida;0;3123;0;0;0;Hora Completa Consistente;Consistido
General Sul;28/08/2024;9;Liquida;0;3123;0;0;0;Hora Completa Consistente;Consistido
General Sul;28/08/2024;10;Liquida;0;3123;0;0;0;Hora Completa Consistente;Consistido
General Sul;28/08/2024;11;Liquida;0;3123;0;0;0;Hora Completa Consistente;Consistido
General Sul;28/08/2024;12;Liquida;0;3123;0;0;0;Hora Completa Consistente;Consistido
General Sul;28/08/2024;13;Liquida;0;3123;0;0;0;Hora Completa Consistente;Consistido
General Sul;28/08/2024;14;Liquida;0;3123;0;0;0;Hora Completa Consistente;Consistido
General Sul;28/08/2024;15;Liquida;0;3123;0;0;0;Hora Completa Consistente;Consistido
General Sul;28/08/2024;16;Liquida;0;3123;0;0;0;Hora Completa Consistente;Consistido
General Sul;28/08/2024;17;Liquida;0;3123;0;0;0;Hora Completa Consistente;Consistido
General Sul;28/08/2024;18;Liquida;0;3123;0;0;0;Hora Completa Consistente;Consistido
General Sul;28/08/2024;19;Liquida;0;3123;0;0;0;Hora Completa Consistente;Consistido
General Sul;28/08/2024;20;Liquida;0;3123;0;0;0;Hora Completa Consistente;Consistido
General Sul;28/08/2024;21;Liquida;0;3123;0;0;0;Hora Completa Consistente;Consistido
General Sul;28/08/2024;22;Liquida;0;3123;0;0;0;Hora Completa Consistente;Consistido
General Sul;28/08/2024;23;Liquida;0;3123;0;0;0;Hora Completa Consistente;Consistido
General Sul;28/08/2024;24;Liquida;0;3123;0;0;0;Hora Completa Consistente;Consistido
General Sul;29/08/2024;1;Liquida;0;3123;0;0;0;Hora Completa Consistente;Consistido
General Sul;29/08/2024;2;Liquida;0;3123;0;0;0;Hora Completa Consistente;Consistido
General Sul;29/08/2024;3;Liquida;0;3123;0;0;0;Hora Completa Consistente;Consistido
General Sul;29/08/2024;4;Liquida;0;3123;0;0;0;Hora Completa Consistente;Consistido
General Sul;29/08/2024;5;Liquida;0;3123;0;0;0;Hora Completa Consistente;Consistido
General Sul;29/08/2024;6;Liquida;0;3123;0;0;0;Hora Completa Consistente;Consistido
General Sul;29/08/2024;7;Liquida;0;3123;0;0;0;Hora Completa Consistente;Consistido
General Sul;29/08/2024;8;Liquida;0;3123;0;0;0;Hora Completa Consistente;Consistido
General Sul;29/08/2024;9;Liquida;0;3123;0;0;0;Hora Completa Consistente;Consistido
General Sul;29/08/2024;10;Liquida;0;3123;0;0;0;Hora Completa Consistente;Consistido
General Sul;29/08/2024;11;Liquida;0;3123;0;0;0;Hora Completa Consistente;Consistido
General Sul;29/08/2024;12;Liquida;0;3123;0;0;0;Hora Completa Consistente;Consistido
General Sul;29/08/2024;13;Liquida;0;3123;0;0;0;Hora Completa Consistente;Consistido
General Sul;29/08/2024;14;Liquida;0;3123;0;0;0;Hora Completa Consistente;Consistido
General Sul;29/08/2024;15;Liquida;0;3123;0;0;0;Hora Completa Consistente;Consistido
General Sul;29/08/2024;16;Liquida;0;3123;0;0;0;Hora Completa Consistente;Consistido
General Sul;29/08/2024;17;Liquida;0;3123;0;0;0;Hora Completa Consistente;Consistido
General Sul;29/08/2024;18;Liquida;0;3123;0;0;0;Hora Completa Consistente;Consistido
General Sul;29/08/2024;19;Liquida;0;3123;0;0;0;Hora Completa Consistente;Consistido
General Sul;29/08/2024;20;Liquida;0;3123;0;0;0;Hora Completa Consistente;Consistido
General Sul;29/08/2024;21;Liquida;0;3123;0;0;0;Hora Completa Consistente;Consistido
General Sul;29/08/2024;22;Liquida;0;3123;0;0;0;Hora Completa Consistente;Consistido
General Sul;29/08/2024;23;Liquida;0;3123;0;0;0;Hora Completa Consistente;Consistido
General Sul;29/08/2024;24;Liquida;0;3123;0;0;0;Hora Completa Consistente;Consistido
General Sul;30/08/2024;1;Liquida;0;3123;0;0;0;Hora Completa Consistente;Consistido
General Sul;30/08/2024;2;Liquida;0;3123;0;0;0;Hora Completa Consistente;Consistido
General Sul;30/08/2024;3;Liquida;0;3123;0;0;0;Hora Completa Consistente;Consistido
General Sul;30/08/2024;4;Liquida;0;3123;0;0;0;Hora Completa Consistente;Consistido
General Sul;30/08/2024;5;Liquida;0;3123;0;0;0;Hora Completa Consistente;Consistido
General Sul;30/08/2024;6;Liquida;0;3123;0;0;0;Hora Completa Consistente;Consistido
General Sul;30/08/2024;7;Liquida;0;3123;0;0;0;Hora Completa Consistente;Consistido
General Sul;30/08/2024;8;Liquida;0;3123;0;0;0;Hora Completa Consistente;Consistido
General Sul;30/08/2024;9;Liquida;0;3123;0;0;0;Hora Completa Consistente;Consistido
General Sul;30/08/2024;10;Liquida;0;3123;0;0;0;Hora Completa Consistente;Consistido
General Sul;30/08/2024;11;Liquida;0;3123;0;0;0;Hora Completa Consistente;Consistido
General Sul;30/08/2024;12;Liquida;0;3123;0;0;0;Hora Completa Consistente;Consistido
General Sul;30/08/2024;13;Liquida;0;3123;0;0;0;Hora Completa Consistente;Consistido
General Sul;30/08/2024;14;Liquida;0;3123;0;0;0;Hora Completa Consistente;Consistido
General Sul;30/08/2024;15;Liquida;0;3123;0;0;0;Hora Completa Consistente;Consistido
General Sul;30/08/2024;16;Liquida;0;3123;0;0;0;Hora Completa Consistente;Consistido
General Sul;30/08/2024;17;Liquida;0;3123;0;0;0;Hora Completa Consistente;Consistido
General Sul;30/08/2024;18;Liquida;0;3123;0;0;0;Hora Completa Consistente;Consistido
General Sul;30/08/2024;19;Liquida;0;3123;0;0;0;Hora Completa Consistente;Consistido
General Sul;30/08/2024;20;Liquida;0;3123;0;0;0;Hora Completa Consistente;Consistido
General Sul;30/08/2024;21;Liquida;0;3123;0;0;0;Hora Completa Consistente;Consistido
General Sul;30/08/2024;22;Liquida;0;3123;0;0;0;Hora Completa Consistente;Consistido
General Sul;30/08/2024;23;Liquida;0;3123;0;0;0;Hora Completa Consistente;Consistido
General Sul;30/08/2024;24;Liquida;0;3123;0;0;0;Hora Completa Consistente;Consistido
General Sul;31/08/2024;1;Liquida;0;3123;0;0;0;Hora Completa Consistente;Consistido
General Sul;31/08/2024;2;Liquida;0;3123;0;0;0;Hora Completa Consistente;Consistido
General Sul;31/08/2024;3;Liquida;0;3123;0;0;0;Hora Completa Consistente;Consistido
General Sul;31/08/2024;4;Liquida;0;3123;0;0;0;Hora Completa Consistente;Consistido
General Sul;31/08/2024;5;Liquida;0;3123;0;0;0;Hora Completa Consistente;Consistido
General Sul;31/08/2024;6;Liquida;0;3123;0;0;0;Hora Completa Consistente;Consistido
General Sul;31/08/2024;7;Liquida;0;3123;0;0;0;Hora Completa Consistente;Consistido
General Sul;31/08/2024;8;Liquida;0;3123;0;0;0;Hora Completa Consistente;Consistido
General Sul;31/08/2024;9;Liquida;0;3123;0;0;0;Hora Completa Consistente;Consistido
General Sul;31/08/2024;10;Liquida;0;3123;0;0;0;Hora Completa Consistente;Consistido
General Sul;31/08/2024;11;Liquida;0;3123;0;0;0;Hora Completa Consistente;Consistido
General Sul;31/08/2024;12;Liquida;0;3123;0;0;0;Hora Completa Consistente;Consistido
General Sul;31/08/2024;13;Liquida;0;3123;0;0;0;Hora Completa Consistente;Consistido
General Sul;31/08/2024;14;Liquida;0;3123;0;0;0;Hora Completa Consistente;Consistido
General Sul;31/08/2024;15;Liquida;0;3123;0;0;0;Hora Completa Consistente;Consistido
General Sul;31/08/2024;16;Liquida;0;3123;0;0;0;Hora Completa Consistente;Consistido
General Sul;31/08/2024;17;Liquida;0;3123;0;0;0;Hora Completa Consistente;Consistido
General Sul;31/08/2024;18;Liquida;0;3123;0;0;0;Hora Completa Consistente;Consistido
General Sul;31/08/2024;19;Liquida;0;3123;0;0;0;Hora Completa Consistente;Consistido
General Sul;31/08/2024;20;Liquida;0;3123;0;0;0;Hora Completa Consistente;Consistido
General Sul;31/08/2024;21;Liquida;0;3123;0;0;0;Hora Completa Consistente;Consistido
General Sul;31/08/2024;22;Liquida;0;3123;0;0;0;Hora Completa Consistente;Consistido
General Sul;31/08/2024;23;Liquida;0;3123;0;0;0;Hora Completa Consistente;Consistido
General Sul;31/08/2024;24;Liquida;0;3123;0;0;0;Hora Completa Consistente;Consistido
